,Variable Name,LB,UB
0,"compute_latency[('shippingservice@POST@/hipstershop.ShippingService/ShipOrder#us_west_1#start',_'shippingservice@POST@/hipstershop.ShippingService/ShipOrder#us_west_1#end')]",0.0,inf
1,"compute_latency[('sslateingress@POST@/cart/checkout#us_west_1#start',_'sslateingress@POST@/cart/checkout#us_west_1#end')]",0.0,inf
2,"compute_latency[('cartservice@POST@/hipstershop.CartService/GetCart#us_west_1#start',_'cartservice@POST@/hipstershop.CartService/GetCart#us_west_1#end')]",0.0,inf
3,"compute_latency[('paymentservice@POST@/hipstershop.PaymentService/Charge#us_west_1#start',_'paymentservice@POST@/hipstershop.PaymentService/Charge#us_west_1#end')]",0.0,inf
4,"compute_latency[('emailservice@POST@/hipstershop.EmailService/SendOrderConfirmation#us_west_1#start',_'emailservice@POST@/hipstershop.EmailService/SendOrderConfirmation#us_west_1#end')]",0.0,inf
5,"compute_latency[('checkoutservice@POST@/hipstershop.CheckoutService/PlaceOrder#us_west_1#start',_'checkoutservice@POST@/hipstershop.CheckoutService/PlaceOrder#us_west_1#end')]",0.0,inf
6,"compute_latency[('recommendationservice@POST@/hipstershop.RecommendationService/ListRecommendations#us_west_1#start',_'recommendationservice@POST@/hipstershop.RecommendationService/ListRecommendations#us_west_1#end')]",0.0,inf
7,"compute_latency[('frontend@POST@/cart/checkout#us_west_1#start',_'frontend@POST@/cart/checkout#us_west_1#end')]",0.0,inf
8,"compute_latency[('shippingservice@POST@/hipstershop.ShippingService/ShipOrder#us_east_1#start',_'shippingservice@POST@/hipstershop.ShippingService/ShipOrder#us_east_1#end')]",0.0,inf
9,"compute_latency[('sslateingress@POST@/cart/checkout#us_east_1#start',_'sslateingress@POST@/cart/checkout#us_east_1#end')]",0.0,inf
10,"compute_latency[('cartservice@POST@/hipstershop.CartService/GetCart#us_east_1#start',_'cartservice@POST@/hipstershop.CartService/GetCart#us_east_1#end')]",0.0,inf
11,"compute_latency[('paymentservice@POST@/hipstershop.PaymentService/Charge#us_east_1#start',_'paymentservice@POST@/hipstershop.PaymentService/Charge#us_east_1#end')]",0.0,inf
12,"compute_latency[('emailservice@POST@/hipstershop.EmailService/SendOrderConfirmation#us_east_1#start',_'emailservice@POST@/hipstershop.EmailService/SendOrderConfirmation#us_east_1#end')]",0.0,inf
13,"compute_latency[('checkoutservice@POST@/hipstershop.CheckoutService/PlaceOrder#us_east_1#start',_'checkoutservice@POST@/hipstershop.CheckoutService/PlaceOrder#us_east_1#end')]",0.0,inf
14,"compute_latency[('recommendationservice@POST@/hipstershop.RecommendationService/ListRecommendations#us_east_1#start',_'recommendationservice@POST@/hipstershop.RecommendationService/ListRecommendations#us_east_1#end')]",0.0,inf
15,"compute_latency[('frontend@POST@/cart/checkout#us_east_1#start',_'frontend@POST@/cart/checkout#us_east_1#end')]",0.0,inf
16,"compute_latency[('shippingservice@POST@/hipstershop.ShippingService/ShipOrder#us_central_1#start',_'shippingservice@POST@/hipstershop.ShippingService/ShipOrder#us_central_1#end')]",0.0,inf
17,"compute_latency[('sslateingress@POST@/cart/checkout#us_central_1#start',_'sslateingress@POST@/cart/checkout#us_central_1#end')]",0.0,inf
18,"compute_latency[('cartservice@POST@/hipstershop.CartService/GetCart#us_central_1#start',_'cartservice@POST@/hipstershop.CartService/GetCart#us_central_1#end')]",0.0,inf
19,"compute_latency[('paymentservice@POST@/hipstershop.PaymentService/Charge#us_central_1#start',_'paymentservice@POST@/hipstershop.PaymentService/Charge#us_central_1#end')]",0.0,inf
20,"compute_latency[('emailservice@POST@/hipstershop.EmailService/SendOrderConfirmation#us_central_1#start',_'emailservice@POST@/hipstershop.EmailService/SendOrderConfirmation#us_central_1#end')]",0.0,inf
21,"compute_latency[('checkoutservice@POST@/hipstershop.CheckoutService/PlaceOrder#us_central_1#start',_'checkoutservice@POST@/hipstershop.CheckoutService/PlaceOrder#us_central_1#end')]",0.0,inf
22,"compute_latency[('recommendationservice@POST@/hipstershop.RecommendationService/ListRecommendations#us_central_1#start',_'recommendationservice@POST@/hipstershop.RecommendationService/ListRecommendations#us_central_1#end')]",0.0,inf
23,"compute_latency[('frontend@POST@/cart/checkout#us_central_1#start',_'frontend@POST@/cart/checkout#us_central_1#end')]",0.0,inf
24,"compute_latency[('shippingservice@POST@/hipstershop.ShippingService/ShipOrder#us_south_1#start',_'shippingservice@POST@/hipstershop.ShippingService/ShipOrder#us_south_1#end')]",0.0,inf
25,"compute_latency[('sslateingress@POST@/cart/checkout#us_south_1#start',_'sslateingress@POST@/cart/checkout#us_south_1#end')]",0.0,inf
26,"compute_latency[('cartservice@POST@/hipstershop.CartService/GetCart#us_south_1#start',_'cartservice@POST@/hipstershop.CartService/GetCart#us_south_1#end')]",0.0,inf
27,"compute_latency[('paymentservice@POST@/hipstershop.PaymentService/Charge#us_south_1#start',_'paymentservice@POST@/hipstershop.PaymentService/Charge#us_south_1#end')]",0.0,inf
28,"compute_latency[('emailservice@POST@/hipstershop.EmailService/SendOrderConfirmation#us_south_1#start',_'emailservice@POST@/hipstershop.EmailService/SendOrderConfirmation#us_south_1#end')]",0.0,inf
29,"compute_latency[('checkoutservice@POST@/hipstershop.CheckoutService/PlaceOrder#us_south_1#start',_'checkoutservice@POST@/hipstershop.CheckoutService/PlaceOrder#us_south_1#end')]",0.0,inf
30,"compute_latency[('recommendationservice@POST@/hipstershop.RecommendationService/ListRecommendations#us_south_1#start',_'recommendationservice@POST@/hipstershop.RecommendationService/ListRecommendations#us_south_1#end')]",0.0,inf
31,"compute_latency[('frontend@POST@/cart/checkout#us_south_1#start',_'frontend@POST@/cart/checkout#us_south_1#end')]",0.0,inf
32,"load_for_compute_edge[('shippingservice@POST@/hipstershop.ShippingService/ShipOrder#us_west_1#start',_'shippingservice@POST@/hipstershop.ShippingService/ShipOrder#us_west_1#end')]",0.0,100000.0
33,"load_for_compute_edge[('sslateingress@POST@/cart/checkout#us_west_1#start',_'sslateingress@POST@/cart/checkout#us_west_1#end')]",0.0,100000.0
34,"load_for_compute_edge[('cartservice@POST@/hipstershop.CartService/GetCart#us_west_1#start',_'cartservice@POST@/hipstershop.CartService/GetCart#us_west_1#end')]",0.0,100000.0
35,"load_for_compute_edge[('paymentservice@POST@/hipstershop.PaymentService/Charge#us_west_1#start',_'paymentservice@POST@/hipstershop.PaymentService/Charge#us_west_1#end')]",0.0,100000.0
36,"load_for_compute_edge[('emailservice@POST@/hipstershop.EmailService/SendOrderConfirmation#us_west_1#start',_'emailservice@POST@/hipstershop.EmailService/SendOrderConfirmation#us_west_1#end')]",0.0,100000.0
37,"load_for_compute_edge[('checkoutservice@POST@/hipstershop.CheckoutService/PlaceOrder#us_west_1#start',_'checkoutservice@POST@/hipstershop.CheckoutService/PlaceOrder#us_west_1#end')]",0.0,100000.0
38,"load_for_compute_edge[('recommendationservice@POST@/hipstershop.RecommendationService/ListRecommendations#us_west_1#start',_'recommendationservice@POST@/hipstershop.RecommendationService/ListRecommendations#us_west_1#end')]",0.0,100000.0
39,"load_for_compute_edge[('frontend@POST@/cart/checkout#us_west_1#start',_'frontend@POST@/cart/checkout#us_west_1#end')]",0.0,100000.0
40,"load_for_compute_edge[('shippingservice@POST@/hipstershop.ShippingService/ShipOrder#us_east_1#start',_'shippingservice@POST@/hipstershop.ShippingService/ShipOrder#us_east_1#end')]",0.0,100000.0
41,"load_for_compute_edge[('sslateingress@POST@/cart/checkout#us_east_1#start',_'sslateingress@POST@/cart/checkout#us_east_1#end')]",0.0,100000.0
42,"load_for_compute_edge[('cartservice@POST@/hipstershop.CartService/GetCart#us_east_1#start',_'cartservice@POST@/hipstershop.CartService/GetCart#us_east_1#end')]",0.0,100000.0
43,"load_for_compute_edge[('paymentservice@POST@/hipstershop.PaymentService/Charge#us_east_1#start',_'paymentservice@POST@/hipstershop.PaymentService/Charge#us_east_1#end')]",0.0,100000.0
44,"load_for_compute_edge[('emailservice@POST@/hipstershop.EmailService/SendOrderConfirmation#us_east_1#start',_'emailservice@POST@/hipstershop.EmailService/SendOrderConfirmation#us_east_1#end')]",0.0,100000.0
45,"load_for_compute_edge[('checkoutservice@POST@/hipstershop.CheckoutService/PlaceOrder#us_east_1#start',_'checkoutservice@POST@/hipstershop.CheckoutService/PlaceOrder#us_east_1#end')]",0.0,100000.0
46,"load_for_compute_edge[('recommendationservice@POST@/hipstershop.RecommendationService/ListRecommendations#us_east_1#start',_'recommendationservice@POST@/hipstershop.RecommendationService/ListRecommendations#us_east_1#end')]",0.0,100000.0
47,"load_for_compute_edge[('frontend@POST@/cart/checkout#us_east_1#start',_'frontend@POST@/cart/checkout#us_east_1#end')]",0.0,100000.0
48,"load_for_compute_edge[('shippingservice@POST@/hipstershop.ShippingService/ShipOrder#us_central_1#start',_'shippingservice@POST@/hipstershop.ShippingService/ShipOrder#us_central_1#end')]",0.0,100000.0
49,"load_for_compute_edge[('sslateingress@POST@/cart/checkout#us_central_1#start',_'sslateingress@POST@/cart/checkout#us_central_1#end')]",0.0,100000.0
50,"load_for_compute_edge[('cartservice@POST@/hipstershop.CartService/GetCart#us_central_1#start',_'cartservice@POST@/hipstershop.CartService/GetCart#us_central_1#end')]",0.0,100000.0
51,"load_for_compute_edge[('paymentservice@POST@/hipstershop.PaymentService/Charge#us_central_1#start',_'paymentservice@POST@/hipstershop.PaymentService/Charge#us_central_1#end')]",0.0,100000.0
52,"load_for_compute_edge[('emailservice@POST@/hipstershop.EmailService/SendOrderConfirmation#us_central_1#start',_'emailservice@POST@/hipstershop.EmailService/SendOrderConfirmation#us_central_1#end')]",0.0,100000.0
53,"load_for_compute_edge[('checkoutservice@POST@/hipstershop.CheckoutService/PlaceOrder#us_central_1#start',_'checkoutservice@POST@/hipstershop.CheckoutService/PlaceOrder#us_central_1#end')]",0.0,100000.0
54,"load_for_compute_edge[('recommendationservice@POST@/hipstershop.RecommendationService/ListRecommendations#us_central_1#start',_'recommendationservice@POST@/hipstershop.RecommendationService/ListRecommendations#us_central_1#end')]",0.0,100000.0
55,"load_for_compute_edge[('frontend@POST@/cart/checkout#us_central_1#start',_'frontend@POST@/cart/checkout#us_central_1#end')]",0.0,100000.0
56,"load_for_compute_edge[('shippingservice@POST@/hipstershop.ShippingService/ShipOrder#us_south_1#start',_'shippingservice@POST@/hipstershop.ShippingService/ShipOrder#us_south_1#end')]",0.0,100000.0
57,"load_for_compute_edge[('sslateingress@POST@/cart/checkout#us_south_1#start',_'sslateingress@POST@/cart/checkout#us_south_1#end')]",0.0,100000.0
58,"load_for_compute_edge[('cartservice@POST@/hipstershop.CartService/GetCart#us_south_1#start',_'cartservice@POST@/hipstershop.CartService/GetCart#us_south_1#end')]",0.0,100000.0
59,"load_for_compute_edge[('paymentservice@POST@/hipstershop.PaymentService/Charge#us_south_1#start',_'paymentservice@POST@/hipstershop.PaymentService/Charge#us_south_1#end')]",0.0,100000.0
60,"load_for_compute_edge[('emailservice@POST@/hipstershop.EmailService/SendOrderConfirmation#us_south_1#start',_'emailservice@POST@/hipstershop.EmailService/SendOrderConfirmation#us_south_1#end')]",0.0,100000.0
61,"load_for_compute_edge[('checkoutservice@POST@/hipstershop.CheckoutService/PlaceOrder#us_south_1#start',_'checkoutservice@POST@/hipstershop.CheckoutService/PlaceOrder#us_south_1#end')]",0.0,100000.0
62,"load_for_compute_edge[('recommendationservice@POST@/hipstershop.RecommendationService/ListRecommendations#us_south_1#start',_'recommendationservice@POST@/hipstershop.RecommendationService/ListRecommendations#us_south_1#end')]",0.0,100000.0
63,"load_for_compute_edge[('frontend@POST@/cart/checkout#us_south_1#start',_'frontend@POST@/cart/checkout#us_south_1#end')]",0.0,100000.0
64,"load_for_compute_edge2[('shippingservice@POST@/hipstershop.ShippingService/ShipOrder#us_west_1#start',_'shippingservice@POST@/hipstershop.ShippingService/ShipOrder#us_west_1#end')]",0.0,inf
65,"load_for_compute_edge2[('sslateingress@POST@/cart/checkout#us_west_1#start',_'sslateingress@POST@/cart/checkout#us_west_1#end')]",0.0,inf
66,"load_for_compute_edge2[('cartservice@POST@/hipstershop.CartService/GetCart#us_west_1#start',_'cartservice@POST@/hipstershop.CartService/GetCart#us_west_1#end')]",0.0,inf
67,"load_for_compute_edge2[('paymentservice@POST@/hipstershop.PaymentService/Charge#us_west_1#start',_'paymentservice@POST@/hipstershop.PaymentService/Charge#us_west_1#end')]",0.0,inf
68,"load_for_compute_edge2[('emailservice@POST@/hipstershop.EmailService/SendOrderConfirmation#us_west_1#start',_'emailservice@POST@/hipstershop.EmailService/SendOrderConfirmation#us_west_1#end')]",0.0,inf
69,"load_for_compute_edge2[('checkoutservice@POST@/hipstershop.CheckoutService/PlaceOrder#us_west_1#start',_'checkoutservice@POST@/hipstershop.CheckoutService/PlaceOrder#us_west_1#end')]",0.0,inf
70,"load_for_compute_edge2[('recommendationservice@POST@/hipstershop.RecommendationService/ListRecommendations#us_west_1#start',_'recommendationservice@POST@/hipstershop.RecommendationService/ListRecommendations#us_west_1#end')]",0.0,inf
71,"load_for_compute_edge2[('frontend@POST@/cart/checkout#us_west_1#start',_'frontend@POST@/cart/checkout#us_west_1#end')]",0.0,inf
72,"load_for_compute_edge2[('shippingservice@POST@/hipstershop.ShippingService/ShipOrder#us_east_1#start',_'shippingservice@POST@/hipstershop.ShippingService/ShipOrder#us_east_1#end')]",0.0,inf
73,"load_for_compute_edge2[('sslateingress@POST@/cart/checkout#us_east_1#start',_'sslateingress@POST@/cart/checkout#us_east_1#end')]",0.0,inf
74,"load_for_compute_edge2[('cartservice@POST@/hipstershop.CartService/GetCart#us_east_1#start',_'cartservice@POST@/hipstershop.CartService/GetCart#us_east_1#end')]",0.0,inf
75,"load_for_compute_edge2[('paymentservice@POST@/hipstershop.PaymentService/Charge#us_east_1#start',_'paymentservice@POST@/hipstershop.PaymentService/Charge#us_east_1#end')]",0.0,inf
76,"load_for_compute_edge2[('emailservice@POST@/hipstershop.EmailService/SendOrderConfirmation#us_east_1#start',_'emailservice@POST@/hipstershop.EmailService/SendOrderConfirmation#us_east_1#end')]",0.0,inf
77,"load_for_compute_edge2[('checkoutservice@POST@/hipstershop.CheckoutService/PlaceOrder#us_east_1#start',_'checkoutservice@POST@/hipstershop.CheckoutService/PlaceOrder#us_east_1#end')]",0.0,inf
78,"load_for_compute_edge2[('recommendationservice@POST@/hipstershop.RecommendationService/ListRecommendations#us_east_1#start',_'recommendationservice@POST@/hipstershop.RecommendationService/ListRecommendations#us_east_1#end')]",0.0,inf
79,"load_for_compute_edge2[('frontend@POST@/cart/checkout#us_east_1#start',_'frontend@POST@/cart/checkout#us_east_1#end')]",0.0,inf
80,"load_for_compute_edge2[('shippingservice@POST@/hipstershop.ShippingService/ShipOrder#us_central_1#start',_'shippingservice@POST@/hipstershop.ShippingService/ShipOrder#us_central_1#end')]",0.0,inf
81,"load_for_compute_edge2[('sslateingress@POST@/cart/checkout#us_central_1#start',_'sslateingress@POST@/cart/checkout#us_central_1#end')]",0.0,inf
82,"load_for_compute_edge2[('cartservice@POST@/hipstershop.CartService/GetCart#us_central_1#start',_'cartservice@POST@/hipstershop.CartService/GetCart#us_central_1#end')]",0.0,inf
83,"load_for_compute_edge2[('paymentservice@POST@/hipstershop.PaymentService/Charge#us_central_1#start',_'paymentservice@POST@/hipstershop.PaymentService/Charge#us_central_1#end')]",0.0,inf
84,"load_for_compute_edge2[('emailservice@POST@/hipstershop.EmailService/SendOrderConfirmation#us_central_1#start',_'emailservice@POST@/hipstershop.EmailService/SendOrderConfirmation#us_central_1#end')]",0.0,inf
85,"load_for_compute_edge2[('checkoutservice@POST@/hipstershop.CheckoutService/PlaceOrder#us_central_1#start',_'checkoutservice@POST@/hipstershop.CheckoutService/PlaceOrder#us_central_1#end')]",0.0,inf
86,"load_for_compute_edge2[('recommendationservice@POST@/hipstershop.RecommendationService/ListRecommendations#us_central_1#start',_'recommendationservice@POST@/hipstershop.RecommendationService/ListRecommendations#us_central_1#end')]",0.0,inf
87,"load_for_compute_edge2[('frontend@POST@/cart/checkout#us_central_1#start',_'frontend@POST@/cart/checkout#us_central_1#end')]",0.0,inf
88,"load_for_compute_edge2[('shippingservice@POST@/hipstershop.ShippingService/ShipOrder#us_south_1#start',_'shippingservice@POST@/hipstershop.ShippingService/ShipOrder#us_south_1#end')]",0.0,inf
89,"load_for_compute_edge2[('sslateingress@POST@/cart/checkout#us_south_1#start',_'sslateingress@POST@/cart/checkout#us_south_1#end')]",0.0,inf
90,"load_for_compute_edge2[('cartservice@POST@/hipstershop.CartService/GetCart#us_south_1#start',_'cartservice@POST@/hipstershop.CartService/GetCart#us_south_1#end')]",0.0,inf
91,"load_for_compute_edge2[('paymentservice@POST@/hipstershop.PaymentService/Charge#us_south_1#start',_'paymentservice@POST@/hipstershop.PaymentService/Charge#us_south_1#end')]",0.0,inf
92,"load_for_compute_edge2[('emailservice@POST@/hipstershop.EmailService/SendOrderConfirmation#us_south_1#start',_'emailservice@POST@/hipstershop.EmailService/SendOrderConfirmation#us_south_1#end')]",0.0,inf
93,"load_for_compute_edge2[('checkoutservice@POST@/hipstershop.CheckoutService/PlaceOrder#us_south_1#start',_'checkoutservice@POST@/hipstershop.CheckoutService/PlaceOrder#us_south_1#end')]",0.0,inf
94,"load_for_compute_edge2[('recommendationservice@POST@/hipstershop.RecommendationService/ListRecommendations#us_south_1#start',_'recommendationservice@POST@/hipstershop.RecommendationService/ListRecommendations#us_south_1#end')]",0.0,inf
95,"load_for_compute_edge2[('frontend@POST@/cart/checkout#us_south_1#start',_'frontend@POST@/cart/checkout#us_south_1#end')]",0.0,inf
96,"network_latency[('sslateingress@POST@/cart/checkout#us_west_1#end',_'frontend@POST@/cart/checkout#us_west_1#start')]",0.0,0.0
97,"network_latency[('sslateingress@POST@/cart/checkout#us_west_1#end',_'frontend@POST@/cart/checkout#us_east_1#start')]",66.0,66.0
98,"network_latency[('sslateingress@POST@/cart/checkout#us_west_1#end',_'frontend@POST@/cart/checkout#us_south_1#start')]",40.0,40.0
99,"network_latency[('sslateingress@POST@/cart/checkout#us_west_1#end',_'frontend@POST@/cart/checkout#us_central_1#start')]",30.0,30.0
100,"network_latency[('sslateingress@POST@/cart/checkout#us_east_1#end',_'frontend@POST@/cart/checkout#us_west_1#start')]",66.0,66.0
101,"network_latency[('sslateingress@POST@/cart/checkout#us_east_1#end',_'frontend@POST@/cart/checkout#us_east_1#start')]",0.0,0.0
102,"network_latency[('sslateingress@POST@/cart/checkout#us_east_1#end',_'frontend@POST@/cart/checkout#us_south_1#start')]",30.0,30.0
103,"network_latency[('sslateingress@POST@/cart/checkout#us_east_1#end',_'frontend@POST@/cart/checkout#us_central_1#start')]",40.0,40.0
104,"network_latency[('sslateingress@POST@/cart/checkout#us_south_1#end',_'frontend@POST@/cart/checkout#us_west_1#start')]",40.0,40.0
105,"network_latency[('sslateingress@POST@/cart/checkout#us_south_1#end',_'frontend@POST@/cart/checkout#us_east_1#start')]",30.0,30.0
106,"network_latency[('sslateingress@POST@/cart/checkout#us_south_1#end',_'frontend@POST@/cart/checkout#us_south_1#start')]",0.0,0.0
107,"network_latency[('sslateingress@POST@/cart/checkout#us_south_1#end',_'frontend@POST@/cart/checkout#us_central_1#start')]",20.0,20.0
108,"network_latency[('sslateingress@POST@/cart/checkout#us_central_1#end',_'frontend@POST@/cart/checkout#us_west_1#start')]",30.0,30.0
109,"network_latency[('sslateingress@POST@/cart/checkout#us_central_1#end',_'frontend@POST@/cart/checkout#us_east_1#start')]",40.0,40.0
110,"network_latency[('sslateingress@POST@/cart/checkout#us_central_1#end',_'frontend@POST@/cart/checkout#us_south_1#start')]",20.0,20.0
111,"network_latency[('sslateingress@POST@/cart/checkout#us_central_1#end',_'frontend@POST@/cart/checkout#us_central_1#start')]",0.0,0.0
112,"network_latency[('checkoutservice@POST@/hipstershop.CheckoutService/PlaceOrder#us_west_1#end',_'cartservice@POST@/hipstershop.CartService/GetCart#us_west_1#start')]",0.0,0.0
113,"network_latency[('checkoutservice@POST@/hipstershop.CheckoutService/PlaceOrder#us_west_1#end',_'cartservice@POST@/hipstershop.CartService/GetCart#us_east_1#start')]",66.0,66.0
114,"network_latency[('checkoutservice@POST@/hipstershop.CheckoutService/PlaceOrder#us_west_1#end',_'cartservice@POST@/hipstershop.CartService/GetCart#us_south_1#start')]",40.0,40.0
115,"network_latency[('checkoutservice@POST@/hipstershop.CheckoutService/PlaceOrder#us_west_1#end',_'cartservice@POST@/hipstershop.CartService/GetCart#us_central_1#start')]",30.0,30.0
116,"network_latency[('checkoutservice@POST@/hipstershop.CheckoutService/PlaceOrder#us_east_1#end',_'cartservice@POST@/hipstershop.CartService/GetCart#us_west_1#start')]",66.0,66.0
117,"network_latency[('checkoutservice@POST@/hipstershop.CheckoutService/PlaceOrder#us_east_1#end',_'cartservice@POST@/hipstershop.CartService/GetCart#us_east_1#start')]",0.0,0.0
118,"network_latency[('checkoutservice@POST@/hipstershop.CheckoutService/PlaceOrder#us_east_1#end',_'cartservice@POST@/hipstershop.CartService/GetCart#us_south_1#start')]",30.0,30.0
119,"network_latency[('checkoutservice@POST@/hipstershop.CheckoutService/PlaceOrder#us_east_1#end',_'cartservice@POST@/hipstershop.CartService/GetCart#us_central_1#start')]",40.0,40.0
120,"network_latency[('checkoutservice@POST@/hipstershop.CheckoutService/PlaceOrder#us_south_1#end',_'cartservice@POST@/hipstershop.CartService/GetCart#us_west_1#start')]",40.0,40.0
121,"network_latency[('checkoutservice@POST@/hipstershop.CheckoutService/PlaceOrder#us_south_1#end',_'cartservice@POST@/hipstershop.CartService/GetCart#us_east_1#start')]",30.0,30.0
122,"network_latency[('checkoutservice@POST@/hipstershop.CheckoutService/PlaceOrder#us_south_1#end',_'cartservice@POST@/hipstershop.CartService/GetCart#us_south_1#start')]",0.0,0.0
123,"network_latency[('checkoutservice@POST@/hipstershop.CheckoutService/PlaceOrder#us_south_1#end',_'cartservice@POST@/hipstershop.CartService/GetCart#us_central_1#start')]",20.0,20.0
124,"network_latency[('checkoutservice@POST@/hipstershop.CheckoutService/PlaceOrder#us_central_1#end',_'cartservice@POST@/hipstershop.CartService/GetCart#us_west_1#start')]",30.0,30.0
125,"network_latency[('checkoutservice@POST@/hipstershop.CheckoutService/PlaceOrder#us_central_1#end',_'cartservice@POST@/hipstershop.CartService/GetCart#us_east_1#start')]",40.0,40.0
126,"network_latency[('checkoutservice@POST@/hipstershop.CheckoutService/PlaceOrder#us_central_1#end',_'cartservice@POST@/hipstershop.CartService/GetCart#us_south_1#start')]",20.0,20.0
127,"network_latency[('checkoutservice@POST@/hipstershop.CheckoutService/PlaceOrder#us_central_1#end',_'cartservice@POST@/hipstershop.CartService/GetCart#us_central_1#start')]",0.0,0.0
128,"network_latency[('checkoutservice@POST@/hipstershop.CheckoutService/PlaceOrder#us_west_1#end',_'emailservice@POST@/hipstershop.EmailService/SendOrderConfirmation#us_west_1#start')]",0.0,0.0
129,"network_latency[('checkoutservice@POST@/hipstershop.CheckoutService/PlaceOrder#us_west_1#end',_'emailservice@POST@/hipstershop.EmailService/SendOrderConfirmation#us_east_1#start')]",66.0,66.0
130,"network_latency[('checkoutservice@POST@/hipstershop.CheckoutService/PlaceOrder#us_west_1#end',_'emailservice@POST@/hipstershop.EmailService/SendOrderConfirmation#us_south_1#start')]",40.0,40.0
131,"network_latency[('checkoutservice@POST@/hipstershop.CheckoutService/PlaceOrder#us_west_1#end',_'emailservice@POST@/hipstershop.EmailService/SendOrderConfirmation#us_central_1#start')]",30.0,30.0
132,"network_latency[('checkoutservice@POST@/hipstershop.CheckoutService/PlaceOrder#us_east_1#end',_'emailservice@POST@/hipstershop.EmailService/SendOrderConfirmation#us_west_1#start')]",66.0,66.0
133,"network_latency[('checkoutservice@POST@/hipstershop.CheckoutService/PlaceOrder#us_east_1#end',_'emailservice@POST@/hipstershop.EmailService/SendOrderConfirmation#us_east_1#start')]",0.0,0.0
134,"network_latency[('checkoutservice@POST@/hipstershop.CheckoutService/PlaceOrder#us_east_1#end',_'emailservice@POST@/hipstershop.EmailService/SendOrderConfirmation#us_south_1#start')]",30.0,30.0
135,"network_latency[('checkoutservice@POST@/hipstershop.CheckoutService/PlaceOrder#us_east_1#end',_'emailservice@POST@/hipstershop.EmailService/SendOrderConfirmation#us_central_1#start')]",40.0,40.0
136,"network_latency[('checkoutservice@POST@/hipstershop.CheckoutService/PlaceOrder#us_south_1#end',_'emailservice@POST@/hipstershop.EmailService/SendOrderConfirmation#us_west_1#start')]",40.0,40.0
137,"network_latency[('checkoutservice@POST@/hipstershop.CheckoutService/PlaceOrder#us_south_1#end',_'emailservice@POST@/hipstershop.EmailService/SendOrderConfirmation#us_east_1#start')]",30.0,30.0
138,"network_latency[('checkoutservice@POST@/hipstershop.CheckoutService/PlaceOrder#us_south_1#end',_'emailservice@POST@/hipstershop.EmailService/SendOrderConfirmation#us_south_1#start')]",0.0,0.0
139,"network_latency[('checkoutservice@POST@/hipstershop.CheckoutService/PlaceOrder#us_south_1#end',_'emailservice@POST@/hipstershop.EmailService/SendOrderConfirmation#us_central_1#start')]",20.0,20.0
140,"network_latency[('checkoutservice@POST@/hipstershop.CheckoutService/PlaceOrder#us_central_1#end',_'emailservice@POST@/hipstershop.EmailService/SendOrderConfirmation#us_west_1#start')]",30.0,30.0
141,"network_latency[('checkoutservice@POST@/hipstershop.CheckoutService/PlaceOrder#us_central_1#end',_'emailservice@POST@/hipstershop.EmailService/SendOrderConfirmation#us_east_1#start')]",40.0,40.0
142,"network_latency[('checkoutservice@POST@/hipstershop.CheckoutService/PlaceOrder#us_central_1#end',_'emailservice@POST@/hipstershop.EmailService/SendOrderConfirmation#us_south_1#start')]",20.0,20.0
143,"network_latency[('checkoutservice@POST@/hipstershop.CheckoutService/PlaceOrder#us_central_1#end',_'emailservice@POST@/hipstershop.EmailService/SendOrderConfirmation#us_central_1#start')]",0.0,0.0
144,"network_latency[('checkoutservice@POST@/hipstershop.CheckoutService/PlaceOrder#us_west_1#end',_'paymentservice@POST@/hipstershop.PaymentService/Charge#us_west_1#start')]",0.0,0.0
145,"network_latency[('checkoutservice@POST@/hipstershop.CheckoutService/PlaceOrder#us_west_1#end',_'paymentservice@POST@/hipstershop.PaymentService/Charge#us_east_1#start')]",66.0,66.0
146,"network_latency[('checkoutservice@POST@/hipstershop.CheckoutService/PlaceOrder#us_west_1#end',_'paymentservice@POST@/hipstershop.PaymentService/Charge#us_south_1#start')]",40.0,40.0
147,"network_latency[('checkoutservice@POST@/hipstershop.CheckoutService/PlaceOrder#us_west_1#end',_'paymentservice@POST@/hipstershop.PaymentService/Charge#us_central_1#start')]",30.0,30.0
148,"network_latency[('checkoutservice@POST@/hipstershop.CheckoutService/PlaceOrder#us_east_1#end',_'paymentservice@POST@/hipstershop.PaymentService/Charge#us_west_1#start')]",66.0,66.0
149,"network_latency[('checkoutservice@POST@/hipstershop.CheckoutService/PlaceOrder#us_east_1#end',_'paymentservice@POST@/hipstershop.PaymentService/Charge#us_east_1#start')]",0.0,0.0
150,"network_latency[('checkoutservice@POST@/hipstershop.CheckoutService/PlaceOrder#us_east_1#end',_'paymentservice@POST@/hipstershop.PaymentService/Charge#us_south_1#start')]",30.0,30.0
151,"network_latency[('checkoutservice@POST@/hipstershop.CheckoutService/PlaceOrder#us_east_1#end',_'paymentservice@POST@/hipstershop.PaymentService/Charge#us_central_1#start')]",40.0,40.0
152,"network_latency[('checkoutservice@POST@/hipstershop.CheckoutService/PlaceOrder#us_south_1#end',_'paymentservice@POST@/hipstershop.PaymentService/Charge#us_west_1#start')]",40.0,40.0
153,"network_latency[('checkoutservice@POST@/hipstershop.CheckoutService/PlaceOrder#us_south_1#end',_'paymentservice@POST@/hipstershop.PaymentService/Charge#us_east_1#start')]",30.0,30.0
154,"network_latency[('checkoutservice@POST@/hipstershop.CheckoutService/PlaceOrder#us_south_1#end',_'paymentservice@POST@/hipstershop.PaymentService/Charge#us_south_1#start')]",0.0,0.0
155,"network_latency[('checkoutservice@POST@/hipstershop.CheckoutService/PlaceOrder#us_south_1#end',_'paymentservice@POST@/hipstershop.PaymentService/Charge#us_central_1#start')]",20.0,20.0
156,"network_latency[('checkoutservice@POST@/hipstershop.CheckoutService/PlaceOrder#us_central_1#end',_'paymentservice@POST@/hipstershop.PaymentService/Charge#us_west_1#start')]",30.0,30.0
157,"network_latency[('checkoutservice@POST@/hipstershop.CheckoutService/PlaceOrder#us_central_1#end',_'paymentservice@POST@/hipstershop.PaymentService/Charge#us_east_1#start')]",40.0,40.0
158,"network_latency[('checkoutservice@POST@/hipstershop.CheckoutService/PlaceOrder#us_central_1#end',_'paymentservice@POST@/hipstershop.PaymentService/Charge#us_south_1#start')]",20.0,20.0
159,"network_latency[('checkoutservice@POST@/hipstershop.CheckoutService/PlaceOrder#us_central_1#end',_'paymentservice@POST@/hipstershop.PaymentService/Charge#us_central_1#start')]",0.0,0.0
160,"network_latency[('checkoutservice@POST@/hipstershop.CheckoutService/PlaceOrder#us_west_1#end',_'shippingservice@POST@/hipstershop.ShippingService/ShipOrder#us_west_1#start')]",0.0,0.0
161,"network_latency[('checkoutservice@POST@/hipstershop.CheckoutService/PlaceOrder#us_west_1#end',_'shippingservice@POST@/hipstershop.ShippingService/ShipOrder#us_east_1#start')]",66.0,66.0
162,"network_latency[('checkoutservice@POST@/hipstershop.CheckoutService/PlaceOrder#us_west_1#end',_'shippingservice@POST@/hipstershop.ShippingService/ShipOrder#us_south_1#start')]",40.0,40.0
163,"network_latency[('checkoutservice@POST@/hipstershop.CheckoutService/PlaceOrder#us_west_1#end',_'shippingservice@POST@/hipstershop.ShippingService/ShipOrder#us_central_1#start')]",30.0,30.0
164,"network_latency[('checkoutservice@POST@/hipstershop.CheckoutService/PlaceOrder#us_east_1#end',_'shippingservice@POST@/hipstershop.ShippingService/ShipOrder#us_west_1#start')]",66.0,66.0
165,"network_latency[('checkoutservice@POST@/hipstershop.CheckoutService/PlaceOrder#us_east_1#end',_'shippingservice@POST@/hipstershop.ShippingService/ShipOrder#us_east_1#start')]",0.0,0.0
166,"network_latency[('checkoutservice@POST@/hipstershop.CheckoutService/PlaceOrder#us_east_1#end',_'shippingservice@POST@/hipstershop.ShippingService/ShipOrder#us_south_1#start')]",30.0,30.0
167,"network_latency[('checkoutservice@POST@/hipstershop.CheckoutService/PlaceOrder#us_east_1#end',_'shippingservice@POST@/hipstershop.ShippingService/ShipOrder#us_central_1#start')]",40.0,40.0
168,"network_latency[('checkoutservice@POST@/hipstershop.CheckoutService/PlaceOrder#us_south_1#end',_'shippingservice@POST@/hipstershop.ShippingService/ShipOrder#us_west_1#start')]",40.0,40.0
169,"network_latency[('checkoutservice@POST@/hipstershop.CheckoutService/PlaceOrder#us_south_1#end',_'shippingservice@POST@/hipstershop.ShippingService/ShipOrder#us_east_1#start')]",30.0,30.0
170,"network_latency[('checkoutservice@POST@/hipstershop.CheckoutService/PlaceOrder#us_south_1#end',_'shippingservice@POST@/hipstershop.ShippingService/ShipOrder#us_south_1#start')]",0.0,0.0
171,"network_latency[('checkoutservice@POST@/hipstershop.CheckoutService/PlaceOrder#us_south_1#end',_'shippingservice@POST@/hipstershop.ShippingService/ShipOrder#us_central_1#start')]",20.0,20.0
172,"network_latency[('checkoutservice@POST@/hipstershop.CheckoutService/PlaceOrder#us_central_1#end',_'shippingservice@POST@/hipstershop.ShippingService/ShipOrder#us_west_1#start')]",30.0,30.0
173,"network_latency[('checkoutservice@POST@/hipstershop.CheckoutService/PlaceOrder#us_central_1#end',_'shippingservice@POST@/hipstershop.ShippingService/ShipOrder#us_east_1#start')]",40.0,40.0
174,"network_latency[('checkoutservice@POST@/hipstershop.CheckoutService/PlaceOrder#us_central_1#end',_'shippingservice@POST@/hipstershop.ShippingService/ShipOrder#us_south_1#start')]",20.0,20.0
175,"network_latency[('checkoutservice@POST@/hipstershop.CheckoutService/PlaceOrder#us_central_1#end',_'shippingservice@POST@/hipstershop.ShippingService/ShipOrder#us_central_1#start')]",0.0,0.0
176,"network_latency[('frontend@POST@/cart/checkout#us_west_1#end',_'checkoutservice@POST@/hipstershop.CheckoutService/PlaceOrder#us_west_1#start')]",0.0,0.0
177,"network_latency[('frontend@POST@/cart/checkout#us_west_1#end',_'checkoutservice@POST@/hipstershop.CheckoutService/PlaceOrder#us_east_1#start')]",66.0,66.0
178,"network_latency[('frontend@POST@/cart/checkout#us_west_1#end',_'checkoutservice@POST@/hipstershop.CheckoutService/PlaceOrder#us_south_1#start')]",40.0,40.0
179,"network_latency[('frontend@POST@/cart/checkout#us_west_1#end',_'checkoutservice@POST@/hipstershop.CheckoutService/PlaceOrder#us_central_1#start')]",30.0,30.0
180,"network_latency[('frontend@POST@/cart/checkout#us_east_1#end',_'checkoutservice@POST@/hipstershop.CheckoutService/PlaceOrder#us_west_1#start')]",66.0,66.0
181,"network_latency[('frontend@POST@/cart/checkout#us_east_1#end',_'checkoutservice@POST@/hipstershop.CheckoutService/PlaceOrder#us_east_1#start')]",0.0,0.0
182,"network_latency[('frontend@POST@/cart/checkout#us_east_1#end',_'checkoutservice@POST@/hipstershop.CheckoutService/PlaceOrder#us_south_1#start')]",30.0,30.0
183,"network_latency[('frontend@POST@/cart/checkout#us_east_1#end',_'checkoutservice@POST@/hipstershop.CheckoutService/PlaceOrder#us_central_1#start')]",40.0,40.0
184,"network_latency[('frontend@POST@/cart/checkout#us_south_1#end',_'checkoutservice@POST@/hipstershop.CheckoutService/PlaceOrder#us_west_1#start')]",40.0,40.0
185,"network_latency[('frontend@POST@/cart/checkout#us_south_1#end',_'checkoutservice@POST@/hipstershop.CheckoutService/PlaceOrder#us_east_1#start')]",30.0,30.0
186,"network_latency[('frontend@POST@/cart/checkout#us_south_1#end',_'checkoutservice@POST@/hipstershop.CheckoutService/PlaceOrder#us_south_1#start')]",0.0,0.0
187,"network_latency[('frontend@POST@/cart/checkout#us_south_1#end',_'checkoutservice@POST@/hipstershop.CheckoutService/PlaceOrder#us_central_1#start')]",20.0,20.0
188,"network_latency[('frontend@POST@/cart/checkout#us_central_1#end',_'checkoutservice@POST@/hipstershop.CheckoutService/PlaceOrder#us_west_1#start')]",30.0,30.0
189,"network_latency[('frontend@POST@/cart/checkout#us_central_1#end',_'checkoutservice@POST@/hipstershop.CheckoutService/PlaceOrder#us_east_1#start')]",40.0,40.0
190,"network_latency[('frontend@POST@/cart/checkout#us_central_1#end',_'checkoutservice@POST@/hipstershop.CheckoutService/PlaceOrder#us_south_1#start')]",20.0,20.0
191,"network_latency[('frontend@POST@/cart/checkout#us_central_1#end',_'checkoutservice@POST@/hipstershop.CheckoutService/PlaceOrder#us_central_1#start')]",0.0,0.0
192,"network_latency[('frontend@POST@/cart/checkout#us_west_1#end',_'recommendationservice@POST@/hipstershop.RecommendationService/ListRecommendations#us_west_1#start')]",0.0,0.0
193,"network_latency[('frontend@POST@/cart/checkout#us_west_1#end',_'recommendationservice@POST@/hipstershop.RecommendationService/ListRecommendations#us_east_1#start')]",66.0,66.0
194,"network_latency[('frontend@POST@/cart/checkout#us_west_1#end',_'recommendationservice@POST@/hipstershop.RecommendationService/ListRecommendations#us_south_1#start')]",40.0,40.0
195,"network_latency[('frontend@POST@/cart/checkout#us_west_1#end',_'recommendationservice@POST@/hipstershop.RecommendationService/ListRecommendations#us_central_1#start')]",30.0,30.0
196,"network_latency[('frontend@POST@/cart/checkout#us_east_1#end',_'recommendationservice@POST@/hipstershop.RecommendationService/ListRecommendations#us_west_1#start')]",66.0,66.0
197,"network_latency[('frontend@POST@/cart/checkout#us_east_1#end',_'recommendationservice@POST@/hipstershop.RecommendationService/ListRecommendations#us_east_1#start')]",0.0,0.0
198,"network_latency[('frontend@POST@/cart/checkout#us_east_1#end',_'recommendationservice@POST@/hipstershop.RecommendationService/ListRecommendations#us_south_1#start')]",30.0,30.0
199,"network_latency[('frontend@POST@/cart/checkout#us_east_1#end',_'recommendationservice@POST@/hipstershop.RecommendationService/ListRecommendations#us_central_1#start')]",40.0,40.0
200,"network_latency[('frontend@POST@/cart/checkout#us_south_1#end',_'recommendationservice@POST@/hipstershop.RecommendationService/ListRecommendations#us_west_1#start')]",40.0,40.0
201,"network_latency[('frontend@POST@/cart/checkout#us_south_1#end',_'recommendationservice@POST@/hipstershop.RecommendationService/ListRecommendations#us_east_1#start')]",30.0,30.0
202,"network_latency[('frontend@POST@/cart/checkout#us_south_1#end',_'recommendationservice@POST@/hipstershop.RecommendationService/ListRecommendations#us_south_1#start')]",0.0,0.0
203,"network_latency[('frontend@POST@/cart/checkout#us_south_1#end',_'recommendationservice@POST@/hipstershop.RecommendationService/ListRecommendations#us_central_1#start')]",20.0,20.0
204,"network_latency[('frontend@POST@/cart/checkout#us_central_1#end',_'recommendationservice@POST@/hipstershop.RecommendationService/ListRecommendations#us_west_1#start')]",30.0,30.0
205,"network_latency[('frontend@POST@/cart/checkout#us_central_1#end',_'recommendationservice@POST@/hipstershop.RecommendationService/ListRecommendations#us_east_1#start')]",40.0,40.0
206,"network_latency[('frontend@POST@/cart/checkout#us_central_1#end',_'recommendationservice@POST@/hipstershop.RecommendationService/ListRecommendations#us_south_1#start')]",20.0,20.0
207,"network_latency[('frontend@POST@/cart/checkout#us_central_1#end',_'recommendationservice@POST@/hipstershop.RecommendationService/ListRecommendations#us_central_1#start')]",0.0,0.0
208,"network_latency[('SOURCE#XXXX#end',_'sslateingress@POST@/cart/checkout#us_west_1#start')]",0.0,0.0
209,"network_latency[('SOURCE#XXXX#end',_'sslateingress@POST@/cart/checkout#us_east_1#start')]",0.0,0.0
210,"network_latency[('SOURCE#XXXX#end',_'sslateingress@POST@/cart/checkout#us_south_1#start')]",0.0,0.0
211,"network_latency[('SOURCE#XXXX#end',_'sslateingress@POST@/cart/checkout#us_central_1#start')]",0.0,0.0
212,"load_for_network_edge[('sslateingress@POST@/cart/checkout#us_west_1#end',_'frontend@POST@/cart/checkout#us_west_1#start')]",0.0,inf
213,"load_for_network_edge[('sslateingress@POST@/cart/checkout#us_west_1#end',_'frontend@POST@/cart/checkout#us_east_1#start')]",0.0,inf
214,"load_for_network_edge[('sslateingress@POST@/cart/checkout#us_west_1#end',_'frontend@POST@/cart/checkout#us_south_1#start')]",0.0,inf
215,"load_for_network_edge[('sslateingress@POST@/cart/checkout#us_west_1#end',_'frontend@POST@/cart/checkout#us_central_1#start')]",0.0,inf
216,"load_for_network_edge[('sslateingress@POST@/cart/checkout#us_east_1#end',_'frontend@POST@/cart/checkout#us_west_1#start')]",0.0,inf
217,"load_for_network_edge[('sslateingress@POST@/cart/checkout#us_east_1#end',_'frontend@POST@/cart/checkout#us_east_1#start')]",0.0,inf
218,"load_for_network_edge[('sslateingress@POST@/cart/checkout#us_east_1#end',_'frontend@POST@/cart/checkout#us_south_1#start')]",0.0,inf
219,"load_for_network_edge[('sslateingress@POST@/cart/checkout#us_east_1#end',_'frontend@POST@/cart/checkout#us_central_1#start')]",0.0,inf
220,"load_for_network_edge[('sslateingress@POST@/cart/checkout#us_south_1#end',_'frontend@POST@/cart/checkout#us_west_1#start')]",0.0,inf
221,"load_for_network_edge[('sslateingress@POST@/cart/checkout#us_south_1#end',_'frontend@POST@/cart/checkout#us_east_1#start')]",0.0,inf
222,"load_for_network_edge[('sslateingress@POST@/cart/checkout#us_south_1#end',_'frontend@POST@/cart/checkout#us_south_1#start')]",0.0,inf
223,"load_for_network_edge[('sslateingress@POST@/cart/checkout#us_south_1#end',_'frontend@POST@/cart/checkout#us_central_1#start')]",0.0,inf
224,"load_for_network_edge[('sslateingress@POST@/cart/checkout#us_central_1#end',_'frontend@POST@/cart/checkout#us_west_1#start')]",0.0,inf
225,"load_for_network_edge[('sslateingress@POST@/cart/checkout#us_central_1#end',_'frontend@POST@/cart/checkout#us_east_1#start')]",0.0,inf
226,"load_for_network_edge[('sslateingress@POST@/cart/checkout#us_central_1#end',_'frontend@POST@/cart/checkout#us_south_1#start')]",0.0,inf
227,"load_for_network_edge[('sslateingress@POST@/cart/checkout#us_central_1#end',_'frontend@POST@/cart/checkout#us_central_1#start')]",0.0,inf
228,"load_for_network_edge[('checkoutservice@POST@/hipstershop.CheckoutService/PlaceOrder#us_west_1#end',_'cartservice@POST@/hipstershop.CartService/GetCart#us_west_1#start')]",0.0,inf
229,"load_for_network_edge[('checkoutservice@POST@/hipstershop.CheckoutService/PlaceOrder#us_west_1#end',_'cartservice@POST@/hipstershop.CartService/GetCart#us_east_1#start')]",0.0,inf
230,"load_for_network_edge[('checkoutservice@POST@/hipstershop.CheckoutService/PlaceOrder#us_west_1#end',_'cartservice@POST@/hipstershop.CartService/GetCart#us_south_1#start')]",0.0,inf
231,"load_for_network_edge[('checkoutservice@POST@/hipstershop.CheckoutService/PlaceOrder#us_west_1#end',_'cartservice@POST@/hipstershop.CartService/GetCart#us_central_1#start')]",0.0,inf
232,"load_for_network_edge[('checkoutservice@POST@/hipstershop.CheckoutService/PlaceOrder#us_east_1#end',_'cartservice@POST@/hipstershop.CartService/GetCart#us_west_1#start')]",0.0,inf
233,"load_for_network_edge[('checkoutservice@POST@/hipstershop.CheckoutService/PlaceOrder#us_east_1#end',_'cartservice@POST@/hipstershop.CartService/GetCart#us_east_1#start')]",0.0,inf
234,"load_for_network_edge[('checkoutservice@POST@/hipstershop.CheckoutService/PlaceOrder#us_east_1#end',_'cartservice@POST@/hipstershop.CartService/GetCart#us_south_1#start')]",0.0,inf
235,"load_for_network_edge[('checkoutservice@POST@/hipstershop.CheckoutService/PlaceOrder#us_east_1#end',_'cartservice@POST@/hipstershop.CartService/GetCart#us_central_1#start')]",0.0,inf
236,"load_for_network_edge[('checkoutservice@POST@/hipstershop.CheckoutService/PlaceOrder#us_south_1#end',_'cartservice@POST@/hipstershop.CartService/GetCart#us_west_1#start')]",0.0,inf
237,"load_for_network_edge[('checkoutservice@POST@/hipstershop.CheckoutService/PlaceOrder#us_south_1#end',_'cartservice@POST@/hipstershop.CartService/GetCart#us_east_1#start')]",0.0,inf
238,"load_for_network_edge[('checkoutservice@POST@/hipstershop.CheckoutService/PlaceOrder#us_south_1#end',_'cartservice@POST@/hipstershop.CartService/GetCart#us_south_1#start')]",0.0,inf
239,"load_for_network_edge[('checkoutservice@POST@/hipstershop.CheckoutService/PlaceOrder#us_south_1#end',_'cartservice@POST@/hipstershop.CartService/GetCart#us_central_1#start')]",0.0,inf
240,"load_for_network_edge[('checkoutservice@POST@/hipstershop.CheckoutService/PlaceOrder#us_central_1#end',_'cartservice@POST@/hipstershop.CartService/GetCart#us_west_1#start')]",0.0,inf
241,"load_for_network_edge[('checkoutservice@POST@/hipstershop.CheckoutService/PlaceOrder#us_central_1#end',_'cartservice@POST@/hipstershop.CartService/GetCart#us_east_1#start')]",0.0,inf
242,"load_for_network_edge[('checkoutservice@POST@/hipstershop.CheckoutService/PlaceOrder#us_central_1#end',_'cartservice@POST@/hipstershop.CartService/GetCart#us_south_1#start')]",0.0,inf
243,"load_for_network_edge[('checkoutservice@POST@/hipstershop.CheckoutService/PlaceOrder#us_central_1#end',_'cartservice@POST@/hipstershop.CartService/GetCart#us_central_1#start')]",0.0,inf
244,"load_for_network_edge[('checkoutservice@POST@/hipstershop.CheckoutService/PlaceOrder#us_west_1#end',_'emailservice@POST@/hipstershop.EmailService/SendOrderConfirmation#us_west_1#start')]",0.0,inf
245,"load_for_network_edge[('checkoutservice@POST@/hipstershop.CheckoutService/PlaceOrder#us_west_1#end',_'emailservice@POST@/hipstershop.EmailService/SendOrderConfirmation#us_east_1#start')]",0.0,inf
246,"load_for_network_edge[('checkoutservice@POST@/hipstershop.CheckoutService/PlaceOrder#us_west_1#end',_'emailservice@POST@/hipstershop.EmailService/SendOrderConfirmation#us_south_1#start')]",0.0,inf
247,"load_for_network_edge[('checkoutservice@POST@/hipstershop.CheckoutService/PlaceOrder#us_west_1#end',_'emailservice@POST@/hipstershop.EmailService/SendOrderConfirmation#us_central_1#start')]",0.0,inf
248,"load_for_network_edge[('checkoutservice@POST@/hipstershop.CheckoutService/PlaceOrder#us_east_1#end',_'emailservice@POST@/hipstershop.EmailService/SendOrderConfirmation#us_west_1#start')]",0.0,inf
249,"load_for_network_edge[('checkoutservice@POST@/hipstershop.CheckoutService/PlaceOrder#us_east_1#end',_'emailservice@POST@/hipstershop.EmailService/SendOrderConfirmation#us_east_1#start')]",0.0,inf
250,"load_for_network_edge[('checkoutservice@POST@/hipstershop.CheckoutService/PlaceOrder#us_east_1#end',_'emailservice@POST@/hipstershop.EmailService/SendOrderConfirmation#us_south_1#start')]",0.0,inf
251,"load_for_network_edge[('checkoutservice@POST@/hipstershop.CheckoutService/PlaceOrder#us_east_1#end',_'emailservice@POST@/hipstershop.EmailService/SendOrderConfirmation#us_central_1#start')]",0.0,inf
252,"load_for_network_edge[('checkoutservice@POST@/hipstershop.CheckoutService/PlaceOrder#us_south_1#end',_'emailservice@POST@/hipstershop.EmailService/SendOrderConfirmation#us_west_1#start')]",0.0,inf
253,"load_for_network_edge[('checkoutservice@POST@/hipstershop.CheckoutService/PlaceOrder#us_south_1#end',_'emailservice@POST@/hipstershop.EmailService/SendOrderConfirmation#us_east_1#start')]",0.0,inf
254,"load_for_network_edge[('checkoutservice@POST@/hipstershop.CheckoutService/PlaceOrder#us_south_1#end',_'emailservice@POST@/hipstershop.EmailService/SendOrderConfirmation#us_south_1#start')]",0.0,inf
255,"load_for_network_edge[('checkoutservice@POST@/hipstershop.CheckoutService/PlaceOrder#us_south_1#end',_'emailservice@POST@/hipstershop.EmailService/SendOrderConfirmation#us_central_1#start')]",0.0,inf
256,"load_for_network_edge[('checkoutservice@POST@/hipstershop.CheckoutService/PlaceOrder#us_central_1#end',_'emailservice@POST@/hipstershop.EmailService/SendOrderConfirmation#us_west_1#start')]",0.0,inf
257,"load_for_network_edge[('checkoutservice@POST@/hipstershop.CheckoutService/PlaceOrder#us_central_1#end',_'emailservice@POST@/hipstershop.EmailService/SendOrderConfirmation#us_east_1#start')]",0.0,inf
258,"load_for_network_edge[('checkoutservice@POST@/hipstershop.CheckoutService/PlaceOrder#us_central_1#end',_'emailservice@POST@/hipstershop.EmailService/SendOrderConfirmation#us_south_1#start')]",0.0,inf
259,"load_for_network_edge[('checkoutservice@POST@/hipstershop.CheckoutService/PlaceOrder#us_central_1#end',_'emailservice@POST@/hipstershop.EmailService/SendOrderConfirmation#us_central_1#start')]",0.0,inf
260,"load_for_network_edge[('checkoutservice@POST@/hipstershop.CheckoutService/PlaceOrder#us_west_1#end',_'paymentservice@POST@/hipstershop.PaymentService/Charge#us_west_1#start')]",0.0,inf
261,"load_for_network_edge[('checkoutservice@POST@/hipstershop.CheckoutService/PlaceOrder#us_west_1#end',_'paymentservice@POST@/hipstershop.PaymentService/Charge#us_east_1#start')]",0.0,inf
262,"load_for_network_edge[('checkoutservice@POST@/hipstershop.CheckoutService/PlaceOrder#us_west_1#end',_'paymentservice@POST@/hipstershop.PaymentService/Charge#us_south_1#start')]",0.0,inf
263,"load_for_network_edge[('checkoutservice@POST@/hipstershop.CheckoutService/PlaceOrder#us_west_1#end',_'paymentservice@POST@/hipstershop.PaymentService/Charge#us_central_1#start')]",0.0,inf
264,"load_for_network_edge[('checkoutservice@POST@/hipstershop.CheckoutService/PlaceOrder#us_east_1#end',_'paymentservice@POST@/hipstershop.PaymentService/Charge#us_west_1#start')]",0.0,inf
265,"load_for_network_edge[('checkoutservice@POST@/hipstershop.CheckoutService/PlaceOrder#us_east_1#end',_'paymentservice@POST@/hipstershop.PaymentService/Charge#us_east_1#start')]",0.0,inf
266,"load_for_network_edge[('checkoutservice@POST@/hipstershop.CheckoutService/PlaceOrder#us_east_1#end',_'paymentservice@POST@/hipstershop.PaymentService/Charge#us_south_1#start')]",0.0,inf
267,"load_for_network_edge[('checkoutservice@POST@/hipstershop.CheckoutService/PlaceOrder#us_east_1#end',_'paymentservice@POST@/hipstershop.PaymentService/Charge#us_central_1#start')]",0.0,inf
268,"load_for_network_edge[('checkoutservice@POST@/hipstershop.CheckoutService/PlaceOrder#us_south_1#end',_'paymentservice@POST@/hipstershop.PaymentService/Charge#us_west_1#start')]",0.0,inf
269,"load_for_network_edge[('checkoutservice@POST@/hipstershop.CheckoutService/PlaceOrder#us_south_1#end',_'paymentservice@POST@/hipstershop.PaymentService/Charge#us_east_1#start')]",0.0,inf
270,"load_for_network_edge[('checkoutservice@POST@/hipstershop.CheckoutService/PlaceOrder#us_south_1#end',_'paymentservice@POST@/hipstershop.PaymentService/Charge#us_south_1#start')]",0.0,inf
271,"load_for_network_edge[('checkoutservice@POST@/hipstershop.CheckoutService/PlaceOrder#us_south_1#end',_'paymentservice@POST@/hipstershop.PaymentService/Charge#us_central_1#start')]",0.0,inf
272,"load_for_network_edge[('checkoutservice@POST@/hipstershop.CheckoutService/PlaceOrder#us_central_1#end',_'paymentservice@POST@/hipstershop.PaymentService/Charge#us_west_1#start')]",0.0,inf
273,"load_for_network_edge[('checkoutservice@POST@/hipstershop.CheckoutService/PlaceOrder#us_central_1#end',_'paymentservice@POST@/hipstershop.PaymentService/Charge#us_east_1#start')]",0.0,inf
274,"load_for_network_edge[('checkoutservice@POST@/hipstershop.CheckoutService/PlaceOrder#us_central_1#end',_'paymentservice@POST@/hipstershop.PaymentService/Charge#us_south_1#start')]",0.0,inf
275,"load_for_network_edge[('checkoutservice@POST@/hipstershop.CheckoutService/PlaceOrder#us_central_1#end',_'paymentservice@POST@/hipstershop.PaymentService/Charge#us_central_1#start')]",0.0,inf
276,"load_for_network_edge[('checkoutservice@POST@/hipstershop.CheckoutService/PlaceOrder#us_west_1#end',_'shippingservice@POST@/hipstershop.ShippingService/ShipOrder#us_west_1#start')]",0.0,inf
277,"load_for_network_edge[('checkoutservice@POST@/hipstershop.CheckoutService/PlaceOrder#us_west_1#end',_'shippingservice@POST@/hipstershop.ShippingService/ShipOrder#us_east_1#start')]",0.0,inf
278,"load_for_network_edge[('checkoutservice@POST@/hipstershop.CheckoutService/PlaceOrder#us_west_1#end',_'shippingservice@POST@/hipstershop.ShippingService/ShipOrder#us_south_1#start')]",0.0,inf
279,"load_for_network_edge[('checkoutservice@POST@/hipstershop.CheckoutService/PlaceOrder#us_west_1#end',_'shippingservice@POST@/hipstershop.ShippingService/ShipOrder#us_central_1#start')]",0.0,inf
280,"load_for_network_edge[('checkoutservice@POST@/hipstershop.CheckoutService/PlaceOrder#us_east_1#end',_'shippingservice@POST@/hipstershop.ShippingService/ShipOrder#us_west_1#start')]",0.0,inf
281,"load_for_network_edge[('checkoutservice@POST@/hipstershop.CheckoutService/PlaceOrder#us_east_1#end',_'shippingservice@POST@/hipstershop.ShippingService/ShipOrder#us_east_1#start')]",0.0,inf
282,"load_for_network_edge[('checkoutservice@POST@/hipstershop.CheckoutService/PlaceOrder#us_east_1#end',_'shippingservice@POST@/hipstershop.ShippingService/ShipOrder#us_south_1#start')]",0.0,inf
283,"load_for_network_edge[('checkoutservice@POST@/hipstershop.CheckoutService/PlaceOrder#us_east_1#end',_'shippingservice@POST@/hipstershop.ShippingService/ShipOrder#us_central_1#start')]",0.0,inf
284,"load_for_network_edge[('checkoutservice@POST@/hipstershop.CheckoutService/PlaceOrder#us_south_1#end',_'shippingservice@POST@/hipstershop.ShippingService/ShipOrder#us_west_1#start')]",0.0,inf
285,"load_for_network_edge[('checkoutservice@POST@/hipstershop.CheckoutService/PlaceOrder#us_south_1#end',_'shippingservice@POST@/hipstershop.ShippingService/ShipOrder#us_east_1#start')]",0.0,inf
286,"load_for_network_edge[('checkoutservice@POST@/hipstershop.CheckoutService/PlaceOrder#us_south_1#end',_'shippingservice@POST@/hipstershop.ShippingService/ShipOrder#us_south_1#start')]",0.0,inf
287,"load_for_network_edge[('checkoutservice@POST@/hipstershop.CheckoutService/PlaceOrder#us_south_1#end',_'shippingservice@POST@/hipstershop.ShippingService/ShipOrder#us_central_1#start')]",0.0,inf
288,"load_for_network_edge[('checkoutservice@POST@/hipstershop.CheckoutService/PlaceOrder#us_central_1#end',_'shippingservice@POST@/hipstershop.ShippingService/ShipOrder#us_west_1#start')]",0.0,inf
289,"load_for_network_edge[('checkoutservice@POST@/hipstershop.CheckoutService/PlaceOrder#us_central_1#end',_'shippingservice@POST@/hipstershop.ShippingService/ShipOrder#us_east_1#start')]",0.0,inf
290,"load_for_network_edge[('checkoutservice@POST@/hipstershop.CheckoutService/PlaceOrder#us_central_1#end',_'shippingservice@POST@/hipstershop.ShippingService/ShipOrder#us_south_1#start')]",0.0,inf
291,"load_for_network_edge[('checkoutservice@POST@/hipstershop.CheckoutService/PlaceOrder#us_central_1#end',_'shippingservice@POST@/hipstershop.ShippingService/ShipOrder#us_central_1#start')]",0.0,inf
292,"load_for_network_edge[('frontend@POST@/cart/checkout#us_west_1#end',_'checkoutservice@POST@/hipstershop.CheckoutService/PlaceOrder#us_west_1#start')]",0.0,inf
293,"load_for_network_edge[('frontend@POST@/cart/checkout#us_west_1#end',_'checkoutservice@POST@/hipstershop.CheckoutService/PlaceOrder#us_east_1#start')]",0.0,inf
294,"load_for_network_edge[('frontend@POST@/cart/checkout#us_west_1#end',_'checkoutservice@POST@/hipstershop.CheckoutService/PlaceOrder#us_south_1#start')]",0.0,inf
295,"load_for_network_edge[('frontend@POST@/cart/checkout#us_west_1#end',_'checkoutservice@POST@/hipstershop.CheckoutService/PlaceOrder#us_central_1#start')]",0.0,inf
296,"load_for_network_edge[('frontend@POST@/cart/checkout#us_east_1#end',_'checkoutservice@POST@/hipstershop.CheckoutService/PlaceOrder#us_west_1#start')]",0.0,inf
297,"load_for_network_edge[('frontend@POST@/cart/checkout#us_east_1#end',_'checkoutservice@POST@/hipstershop.CheckoutService/PlaceOrder#us_east_1#start')]",0.0,inf
298,"load_for_network_edge[('frontend@POST@/cart/checkout#us_east_1#end',_'checkoutservice@POST@/hipstershop.CheckoutService/PlaceOrder#us_south_1#start')]",0.0,inf
299,"load_for_network_edge[('frontend@POST@/cart/checkout#us_east_1#end',_'checkoutservice@POST@/hipstershop.CheckoutService/PlaceOrder#us_central_1#start')]",0.0,inf
300,"load_for_network_edge[('frontend@POST@/cart/checkout#us_south_1#end',_'checkoutservice@POST@/hipstershop.CheckoutService/PlaceOrder#us_west_1#start')]",0.0,inf
301,"load_for_network_edge[('frontend@POST@/cart/checkout#us_south_1#end',_'checkoutservice@POST@/hipstershop.CheckoutService/PlaceOrder#us_east_1#start')]",0.0,inf
302,"load_for_network_edge[('frontend@POST@/cart/checkout#us_south_1#end',_'checkoutservice@POST@/hipstershop.CheckoutService/PlaceOrder#us_south_1#start')]",0.0,inf
303,"load_for_network_edge[('frontend@POST@/cart/checkout#us_south_1#end',_'checkoutservice@POST@/hipstershop.CheckoutService/PlaceOrder#us_central_1#start')]",0.0,inf
304,"load_for_network_edge[('frontend@POST@/cart/checkout#us_central_1#end',_'checkoutservice@POST@/hipstershop.CheckoutService/PlaceOrder#us_west_1#start')]",0.0,inf
305,"load_for_network_edge[('frontend@POST@/cart/checkout#us_central_1#end',_'checkoutservice@POST@/hipstershop.CheckoutService/PlaceOrder#us_east_1#start')]",0.0,inf
306,"load_for_network_edge[('frontend@POST@/cart/checkout#us_central_1#end',_'checkoutservice@POST@/hipstershop.CheckoutService/PlaceOrder#us_south_1#start')]",0.0,inf
307,"load_for_network_edge[('frontend@POST@/cart/checkout#us_central_1#end',_'checkoutservice@POST@/hipstershop.CheckoutService/PlaceOrder#us_central_1#start')]",0.0,inf
308,"load_for_network_edge[('frontend@POST@/cart/checkout#us_west_1#end',_'recommendationservice@POST@/hipstershop.RecommendationService/ListRecommendations#us_west_1#start')]",0.0,inf
309,"load_for_network_edge[('frontend@POST@/cart/checkout#us_west_1#end',_'recommendationservice@POST@/hipstershop.RecommendationService/ListRecommendations#us_east_1#start')]",0.0,inf
310,"load_for_network_edge[('frontend@POST@/cart/checkout#us_west_1#end',_'recommendationservice@POST@/hipstershop.RecommendationService/ListRecommendations#us_south_1#start')]",0.0,inf
311,"load_for_network_edge[('frontend@POST@/cart/checkout#us_west_1#end',_'recommendationservice@POST@/hipstershop.RecommendationService/ListRecommendations#us_central_1#start')]",0.0,inf
312,"load_for_network_edge[('frontend@POST@/cart/checkout#us_east_1#end',_'recommendationservice@POST@/hipstershop.RecommendationService/ListRecommendations#us_west_1#start')]",0.0,inf
313,"load_for_network_edge[('frontend@POST@/cart/checkout#us_east_1#end',_'recommendationservice@POST@/hipstershop.RecommendationService/ListRecommendations#us_east_1#start')]",0.0,inf
314,"load_for_network_edge[('frontend@POST@/cart/checkout#us_east_1#end',_'recommendationservice@POST@/hipstershop.RecommendationService/ListRecommendations#us_south_1#start')]",0.0,inf
315,"load_for_network_edge[('frontend@POST@/cart/checkout#us_east_1#end',_'recommendationservice@POST@/hipstershop.RecommendationService/ListRecommendations#us_central_1#start')]",0.0,inf
316,"load_for_network_edge[('frontend@POST@/cart/checkout#us_south_1#end',_'recommendationservice@POST@/hipstershop.RecommendationService/ListRecommendations#us_west_1#start')]",0.0,inf
317,"load_for_network_edge[('frontend@POST@/cart/checkout#us_south_1#end',_'recommendationservice@POST@/hipstershop.RecommendationService/ListRecommendations#us_east_1#start')]",0.0,inf
318,"load_for_network_edge[('frontend@POST@/cart/checkout#us_south_1#end',_'recommendationservice@POST@/hipstershop.RecommendationService/ListRecommendations#us_south_1#start')]",0.0,inf
319,"load_for_network_edge[('frontend@POST@/cart/checkout#us_south_1#end',_'recommendationservice@POST@/hipstershop.RecommendationService/ListRecommendations#us_central_1#start')]",0.0,inf
320,"load_for_network_edge[('frontend@POST@/cart/checkout#us_central_1#end',_'recommendationservice@POST@/hipstershop.RecommendationService/ListRecommendations#us_west_1#start')]",0.0,inf
321,"load_for_network_edge[('frontend@POST@/cart/checkout#us_central_1#end',_'recommendationservice@POST@/hipstershop.RecommendationService/ListRecommendations#us_east_1#start')]",0.0,inf
322,"load_for_network_edge[('frontend@POST@/cart/checkout#us_central_1#end',_'recommendationservice@POST@/hipstershop.RecommendationService/ListRecommendations#us_south_1#start')]",0.0,inf
323,"load_for_network_edge[('frontend@POST@/cart/checkout#us_central_1#end',_'recommendationservice@POST@/hipstershop.RecommendationService/ListRecommendations#us_central_1#start')]",0.0,inf
324,"load_for_network_edge[('SOURCE#XXXX#end',_'sslateingress@POST@/cart/checkout#us_west_1#start')]",0.0,inf
325,"load_for_network_edge[('SOURCE#XXXX#end',_'sslateingress@POST@/cart/checkout#us_east_1#start')]",0.0,inf
326,"load_for_network_edge[('SOURCE#XXXX#end',_'sslateingress@POST@/cart/checkout#us_south_1#start')]",0.0,inf
327,"load_for_network_edge[('SOURCE#XXXX#end',_'sslateingress@POST@/cart/checkout#us_central_1#start')]",0.0,inf
328,"network_egress_cost[('sslateingress@POST@/cart/checkout#us_west_1#end',_'frontend@POST@/cart/checkout#us_west_1#start')]",0.0,0.0
329,"network_egress_cost[('sslateingress@POST@/cart/checkout#us_west_1#end',_'frontend@POST@/cart/checkout#us_east_1#start')]",2000.0,2000.0
330,"network_egress_cost[('sslateingress@POST@/cart/checkout#us_west_1#end',_'frontend@POST@/cart/checkout#us_south_1#start')]",2000.0,2000.0
331,"network_egress_cost[('sslateingress@POST@/cart/checkout#us_west_1#end',_'frontend@POST@/cart/checkout#us_central_1#start')]",2000.0,2000.0
332,"network_egress_cost[('sslateingress@POST@/cart/checkout#us_east_1#end',_'frontend@POST@/cart/checkout#us_west_1#start')]",2000.0,2000.0
333,"network_egress_cost[('sslateingress@POST@/cart/checkout#us_east_1#end',_'frontend@POST@/cart/checkout#us_east_1#start')]",0.0,0.0
334,"network_egress_cost[('sslateingress@POST@/cart/checkout#us_east_1#end',_'frontend@POST@/cart/checkout#us_south_1#start')]",2000.0,2000.0
335,"network_egress_cost[('sslateingress@POST@/cart/checkout#us_east_1#end',_'frontend@POST@/cart/checkout#us_central_1#start')]",2000.0,2000.0
336,"network_egress_cost[('sslateingress@POST@/cart/checkout#us_south_1#end',_'frontend@POST@/cart/checkout#us_west_1#start')]",2000.0,2000.0
337,"network_egress_cost[('sslateingress@POST@/cart/checkout#us_south_1#end',_'frontend@POST@/cart/checkout#us_east_1#start')]",2000.0,2000.0
338,"network_egress_cost[('sslateingress@POST@/cart/checkout#us_south_1#end',_'frontend@POST@/cart/checkout#us_south_1#start')]",0.0,0.0
339,"network_egress_cost[('sslateingress@POST@/cart/checkout#us_south_1#end',_'frontend@POST@/cart/checkout#us_central_1#start')]",2000.0,2000.0
340,"network_egress_cost[('sslateingress@POST@/cart/checkout#us_central_1#end',_'frontend@POST@/cart/checkout#us_west_1#start')]",2000.0,2000.0
341,"network_egress_cost[('sslateingress@POST@/cart/checkout#us_central_1#end',_'frontend@POST@/cart/checkout#us_east_1#start')]",2000.0,2000.0
342,"network_egress_cost[('sslateingress@POST@/cart/checkout#us_central_1#end',_'frontend@POST@/cart/checkout#us_south_1#start')]",2000.0,2000.0
343,"network_egress_cost[('sslateingress@POST@/cart/checkout#us_central_1#end',_'frontend@POST@/cart/checkout#us_central_1#start')]",0.0,0.0
344,"network_egress_cost[('checkoutservice@POST@/hipstershop.CheckoutService/PlaceOrder#us_west_1#end',_'cartservice@POST@/hipstershop.CartService/GetCart#us_west_1#start')]",0.0,0.0
345,"network_egress_cost[('checkoutservice@POST@/hipstershop.CheckoutService/PlaceOrder#us_west_1#end',_'cartservice@POST@/hipstershop.CartService/GetCart#us_east_1#start')]",54.83,54.83
346,"network_egress_cost[('checkoutservice@POST@/hipstershop.CheckoutService/PlaceOrder#us_west_1#end',_'cartservice@POST@/hipstershop.CartService/GetCart#us_south_1#start')]",54.83,54.83
347,"network_egress_cost[('checkoutservice@POST@/hipstershop.CheckoutService/PlaceOrder#us_west_1#end',_'cartservice@POST@/hipstershop.CartService/GetCart#us_central_1#start')]",54.83,54.83
348,"network_egress_cost[('checkoutservice@POST@/hipstershop.CheckoutService/PlaceOrder#us_east_1#end',_'cartservice@POST@/hipstershop.CartService/GetCart#us_west_1#start')]",54.83,54.83
349,"network_egress_cost[('checkoutservice@POST@/hipstershop.CheckoutService/PlaceOrder#us_east_1#end',_'cartservice@POST@/hipstershop.CartService/GetCart#us_east_1#start')]",0.0,0.0
350,"network_egress_cost[('checkoutservice@POST@/hipstershop.CheckoutService/PlaceOrder#us_east_1#end',_'cartservice@POST@/hipstershop.CartService/GetCart#us_south_1#start')]",54.83,54.83
351,"network_egress_cost[('checkoutservice@POST@/hipstershop.CheckoutService/PlaceOrder#us_east_1#end',_'cartservice@POST@/hipstershop.CartService/GetCart#us_central_1#start')]",54.83,54.83
352,"network_egress_cost[('checkoutservice@POST@/hipstershop.CheckoutService/PlaceOrder#us_south_1#end',_'cartservice@POST@/hipstershop.CartService/GetCart#us_west_1#start')]",54.83,54.83
353,"network_egress_cost[('checkoutservice@POST@/hipstershop.CheckoutService/PlaceOrder#us_south_1#end',_'cartservice@POST@/hipstershop.CartService/GetCart#us_east_1#start')]",54.83,54.83
354,"network_egress_cost[('checkoutservice@POST@/hipstershop.CheckoutService/PlaceOrder#us_south_1#end',_'cartservice@POST@/hipstershop.CartService/GetCart#us_south_1#start')]",0.0,0.0
355,"network_egress_cost[('checkoutservice@POST@/hipstershop.CheckoutService/PlaceOrder#us_south_1#end',_'cartservice@POST@/hipstershop.CartService/GetCart#us_central_1#start')]",54.83,54.83
356,"network_egress_cost[('checkoutservice@POST@/hipstershop.CheckoutService/PlaceOrder#us_central_1#end',_'cartservice@POST@/hipstershop.CartService/GetCart#us_west_1#start')]",54.83,54.83
357,"network_egress_cost[('checkoutservice@POST@/hipstershop.CheckoutService/PlaceOrder#us_central_1#end',_'cartservice@POST@/hipstershop.CartService/GetCart#us_east_1#start')]",54.83,54.83
358,"network_egress_cost[('checkoutservice@POST@/hipstershop.CheckoutService/PlaceOrder#us_central_1#end',_'cartservice@POST@/hipstershop.CartService/GetCart#us_south_1#start')]",54.83,54.83
359,"network_egress_cost[('checkoutservice@POST@/hipstershop.CheckoutService/PlaceOrder#us_central_1#end',_'cartservice@POST@/hipstershop.CartService/GetCart#us_central_1#start')]",0.0,0.0
360,"network_egress_cost[('checkoutservice@POST@/hipstershop.CheckoutService/PlaceOrder#us_west_1#end',_'emailservice@POST@/hipstershop.EmailService/SendOrderConfirmation#us_west_1#start')]",0.0,0.0
361,"network_egress_cost[('checkoutservice@POST@/hipstershop.CheckoutService/PlaceOrder#us_west_1#end',_'emailservice@POST@/hipstershop.EmailService/SendOrderConfirmation#us_east_1#start')]",60.32,60.32
362,"network_egress_cost[('checkoutservice@POST@/hipstershop.CheckoutService/PlaceOrder#us_west_1#end',_'emailservice@POST@/hipstershop.EmailService/SendOrderConfirmation#us_south_1#start')]",60.32,60.32
363,"network_egress_cost[('checkoutservice@POST@/hipstershop.CheckoutService/PlaceOrder#us_west_1#end',_'emailservice@POST@/hipstershop.EmailService/SendOrderConfirmation#us_central_1#start')]",60.32,60.32
364,"network_egress_cost[('checkoutservice@POST@/hipstershop.CheckoutService/PlaceOrder#us_east_1#end',_'emailservice@POST@/hipstershop.EmailService/SendOrderConfirmation#us_west_1#start')]",60.32,60.32
365,"network_egress_cost[('checkoutservice@POST@/hipstershop.CheckoutService/PlaceOrder#us_east_1#end',_'emailservice@POST@/hipstershop.EmailService/SendOrderConfirmation#us_east_1#start')]",0.0,0.0
366,"network_egress_cost[('checkoutservice@POST@/hipstershop.CheckoutService/PlaceOrder#us_east_1#end',_'emailservice@POST@/hipstershop.EmailService/SendOrderConfirmation#us_south_1#start')]",60.32,60.32
367,"network_egress_cost[('checkoutservice@POST@/hipstershop.CheckoutService/PlaceOrder#us_east_1#end',_'emailservice@POST@/hipstershop.EmailService/SendOrderConfirmation#us_central_1#start')]",60.32,60.32
368,"network_egress_cost[('checkoutservice@POST@/hipstershop.CheckoutService/PlaceOrder#us_south_1#end',_'emailservice@POST@/hipstershop.EmailService/SendOrderConfirmation#us_west_1#start')]",60.32,60.32
369,"network_egress_cost[('checkoutservice@POST@/hipstershop.CheckoutService/PlaceOrder#us_south_1#end',_'emailservice@POST@/hipstershop.EmailService/SendOrderConfirmation#us_east_1#start')]",60.32,60.32
370,"network_egress_cost[('checkoutservice@POST@/hipstershop.CheckoutService/PlaceOrder#us_south_1#end',_'emailservice@POST@/hipstershop.EmailService/SendOrderConfirmation#us_south_1#start')]",0.0,0.0
371,"network_egress_cost[('checkoutservice@POST@/hipstershop.CheckoutService/PlaceOrder#us_south_1#end',_'emailservice@POST@/hipstershop.EmailService/SendOrderConfirmation#us_central_1#start')]",60.32,60.32
372,"network_egress_cost[('checkoutservice@POST@/hipstershop.CheckoutService/PlaceOrder#us_central_1#end',_'emailservice@POST@/hipstershop.EmailService/SendOrderConfirmation#us_west_1#start')]",60.32,60.32
373,"network_egress_cost[('checkoutservice@POST@/hipstershop.CheckoutService/PlaceOrder#us_central_1#end',_'emailservice@POST@/hipstershop.EmailService/SendOrderConfirmation#us_east_1#start')]",60.32,60.32
374,"network_egress_cost[('checkoutservice@POST@/hipstershop.CheckoutService/PlaceOrder#us_central_1#end',_'emailservice@POST@/hipstershop.EmailService/SendOrderConfirmation#us_south_1#start')]",60.32,60.32
375,"network_egress_cost[('checkoutservice@POST@/hipstershop.CheckoutService/PlaceOrder#us_central_1#end',_'emailservice@POST@/hipstershop.EmailService/SendOrderConfirmation#us_central_1#start')]",0.0,0.0
376,"network_egress_cost[('checkoutservice@POST@/hipstershop.CheckoutService/PlaceOrder#us_west_1#end',_'paymentservice@POST@/hipstershop.PaymentService/Charge#us_west_1#start')]",0.0,0.0
377,"network_egress_cost[('checkoutservice@POST@/hipstershop.CheckoutService/PlaceOrder#us_west_1#end',_'paymentservice@POST@/hipstershop.PaymentService/Charge#us_east_1#start')]",10.55,10.55
378,"network_egress_cost[('checkoutservice@POST@/hipstershop.CheckoutService/PlaceOrder#us_west_1#end',_'paymentservice@POST@/hipstershop.PaymentService/Charge#us_south_1#start')]",10.55,10.55
379,"network_egress_cost[('checkoutservice@POST@/hipstershop.CheckoutService/PlaceOrder#us_west_1#end',_'paymentservice@POST@/hipstershop.PaymentService/Charge#us_central_1#start')]",10.55,10.55
380,"network_egress_cost[('checkoutservice@POST@/hipstershop.CheckoutService/PlaceOrder#us_east_1#end',_'paymentservice@POST@/hipstershop.PaymentService/Charge#us_west_1#start')]",10.55,10.55
381,"network_egress_cost[('checkoutservice@POST@/hipstershop.CheckoutService/PlaceOrder#us_east_1#end',_'paymentservice@POST@/hipstershop.PaymentService/Charge#us_east_1#start')]",0.0,0.0
382,"network_egress_cost[('checkoutservice@POST@/hipstershop.CheckoutService/PlaceOrder#us_east_1#end',_'paymentservice@POST@/hipstershop.PaymentService/Charge#us_south_1#start')]",10.55,10.55
383,"network_egress_cost[('checkoutservice@POST@/hipstershop.CheckoutService/PlaceOrder#us_east_1#end',_'paymentservice@POST@/hipstershop.PaymentService/Charge#us_central_1#start')]",10.55,10.55
384,"network_egress_cost[('checkoutservice@POST@/hipstershop.CheckoutService/PlaceOrder#us_south_1#end',_'paymentservice@POST@/hipstershop.PaymentService/Charge#us_west_1#start')]",10.55,10.55
385,"network_egress_cost[('checkoutservice@POST@/hipstershop.CheckoutService/PlaceOrder#us_south_1#end',_'paymentservice@POST@/hipstershop.PaymentService/Charge#us_east_1#start')]",10.55,10.55
386,"network_egress_cost[('checkoutservice@POST@/hipstershop.CheckoutService/PlaceOrder#us_south_1#end',_'paymentservice@POST@/hipstershop.PaymentService/Charge#us_south_1#start')]",0.0,0.0
387,"network_egress_cost[('checkoutservice@POST@/hipstershop.CheckoutService/PlaceOrder#us_south_1#end',_'paymentservice@POST@/hipstershop.PaymentService/Charge#us_central_1#start')]",10.55,10.55
388,"network_egress_cost[('checkoutservice@POST@/hipstershop.CheckoutService/PlaceOrder#us_central_1#end',_'paymentservice@POST@/hipstershop.PaymentService/Charge#us_west_1#start')]",10.55,10.55
389,"network_egress_cost[('checkoutservice@POST@/hipstershop.CheckoutService/PlaceOrder#us_central_1#end',_'paymentservice@POST@/hipstershop.PaymentService/Charge#us_east_1#start')]",10.55,10.55
390,"network_egress_cost[('checkoutservice@POST@/hipstershop.CheckoutService/PlaceOrder#us_central_1#end',_'paymentservice@POST@/hipstershop.PaymentService/Charge#us_south_1#start')]",10.55,10.55
391,"network_egress_cost[('checkoutservice@POST@/hipstershop.CheckoutService/PlaceOrder#us_central_1#end',_'paymentservice@POST@/hipstershop.PaymentService/Charge#us_central_1#start')]",0.0,0.0
392,"network_egress_cost[('checkoutservice@POST@/hipstershop.CheckoutService/PlaceOrder#us_west_1#end',_'shippingservice@POST@/hipstershop.ShippingService/ShipOrder#us_west_1#start')]",0.0,0.0
393,"network_egress_cost[('checkoutservice@POST@/hipstershop.CheckoutService/PlaceOrder#us_west_1#end',_'shippingservice@POST@/hipstershop.ShippingService/ShipOrder#us_east_1#start')]",54.85,54.85
394,"network_egress_cost[('checkoutservice@POST@/hipstershop.CheckoutService/PlaceOrder#us_west_1#end',_'shippingservice@POST@/hipstershop.ShippingService/ShipOrder#us_south_1#start')]",54.85,54.85
395,"network_egress_cost[('checkoutservice@POST@/hipstershop.CheckoutService/PlaceOrder#us_west_1#end',_'shippingservice@POST@/hipstershop.ShippingService/ShipOrder#us_central_1#start')]",54.85,54.85
396,"network_egress_cost[('checkoutservice@POST@/hipstershop.CheckoutService/PlaceOrder#us_east_1#end',_'shippingservice@POST@/hipstershop.ShippingService/ShipOrder#us_west_1#start')]",54.85,54.85
397,"network_egress_cost[('checkoutservice@POST@/hipstershop.CheckoutService/PlaceOrder#us_east_1#end',_'shippingservice@POST@/hipstershop.ShippingService/ShipOrder#us_east_1#start')]",0.0,0.0
398,"network_egress_cost[('checkoutservice@POST@/hipstershop.CheckoutService/PlaceOrder#us_east_1#end',_'shippingservice@POST@/hipstershop.ShippingService/ShipOrder#us_south_1#start')]",54.85,54.85
399,"network_egress_cost[('checkoutservice@POST@/hipstershop.CheckoutService/PlaceOrder#us_east_1#end',_'shippingservice@POST@/hipstershop.ShippingService/ShipOrder#us_central_1#start')]",54.85,54.85
400,"network_egress_cost[('checkoutservice@POST@/hipstershop.CheckoutService/PlaceOrder#us_south_1#end',_'shippingservice@POST@/hipstershop.ShippingService/ShipOrder#us_west_1#start')]",54.85,54.85
401,"network_egress_cost[('checkoutservice@POST@/hipstershop.CheckoutService/PlaceOrder#us_south_1#end',_'shippingservice@POST@/hipstershop.ShippingService/ShipOrder#us_east_1#start')]",54.85,54.85
402,"network_egress_cost[('checkoutservice@POST@/hipstershop.CheckoutService/PlaceOrder#us_south_1#end',_'shippingservice@POST@/hipstershop.ShippingService/ShipOrder#us_south_1#start')]",0.0,0.0
403,"network_egress_cost[('checkoutservice@POST@/hipstershop.CheckoutService/PlaceOrder#us_south_1#end',_'shippingservice@POST@/hipstershop.ShippingService/ShipOrder#us_central_1#start')]",54.85,54.85
404,"network_egress_cost[('checkoutservice@POST@/hipstershop.CheckoutService/PlaceOrder#us_central_1#end',_'shippingservice@POST@/hipstershop.ShippingService/ShipOrder#us_west_1#start')]",54.85,54.85
405,"network_egress_cost[('checkoutservice@POST@/hipstershop.CheckoutService/PlaceOrder#us_central_1#end',_'shippingservice@POST@/hipstershop.ShippingService/ShipOrder#us_east_1#start')]",54.85,54.85
406,"network_egress_cost[('checkoutservice@POST@/hipstershop.CheckoutService/PlaceOrder#us_central_1#end',_'shippingservice@POST@/hipstershop.ShippingService/ShipOrder#us_south_1#start')]",54.85,54.85
407,"network_egress_cost[('checkoutservice@POST@/hipstershop.CheckoutService/PlaceOrder#us_central_1#end',_'shippingservice@POST@/hipstershop.ShippingService/ShipOrder#us_central_1#start')]",0.0,0.0
408,"network_egress_cost[('frontend@POST@/cart/checkout#us_west_1#end',_'checkoutservice@POST@/hipstershop.CheckoutService/PlaceOrder#us_west_1#start')]",0.0,0.0
409,"network_egress_cost[('frontend@POST@/cart/checkout#us_west_1#end',_'checkoutservice@POST@/hipstershop.CheckoutService/PlaceOrder#us_east_1#start')]",18.32,18.32
410,"network_egress_cost[('frontend@POST@/cart/checkout#us_west_1#end',_'checkoutservice@POST@/hipstershop.CheckoutService/PlaceOrder#us_south_1#start')]",18.32,18.32
411,"network_egress_cost[('frontend@POST@/cart/checkout#us_west_1#end',_'checkoutservice@POST@/hipstershop.CheckoutService/PlaceOrder#us_central_1#start')]",18.32,18.32
412,"network_egress_cost[('frontend@POST@/cart/checkout#us_east_1#end',_'checkoutservice@POST@/hipstershop.CheckoutService/PlaceOrder#us_west_1#start')]",18.32,18.32
413,"network_egress_cost[('frontend@POST@/cart/checkout#us_east_1#end',_'checkoutservice@POST@/hipstershop.CheckoutService/PlaceOrder#us_east_1#start')]",0.0,0.0
414,"network_egress_cost[('frontend@POST@/cart/checkout#us_east_1#end',_'checkoutservice@POST@/hipstershop.CheckoutService/PlaceOrder#us_south_1#start')]",18.32,18.32
415,"network_egress_cost[('frontend@POST@/cart/checkout#us_east_1#end',_'checkoutservice@POST@/hipstershop.CheckoutService/PlaceOrder#us_central_1#start')]",18.32,18.32
416,"network_egress_cost[('frontend@POST@/cart/checkout#us_south_1#end',_'checkoutservice@POST@/hipstershop.CheckoutService/PlaceOrder#us_west_1#start')]",18.32,18.32
417,"network_egress_cost[('frontend@POST@/cart/checkout#us_south_1#end',_'checkoutservice@POST@/hipstershop.CheckoutService/PlaceOrder#us_east_1#start')]",18.32,18.32
418,"network_egress_cost[('frontend@POST@/cart/checkout#us_south_1#end',_'checkoutservice@POST@/hipstershop.CheckoutService/PlaceOrder#us_south_1#start')]",0.0,0.0
419,"network_egress_cost[('frontend@POST@/cart/checkout#us_south_1#end',_'checkoutservice@POST@/hipstershop.CheckoutService/PlaceOrder#us_central_1#start')]",18.32,18.32
420,"network_egress_cost[('frontend@POST@/cart/checkout#us_central_1#end',_'checkoutservice@POST@/hipstershop.CheckoutService/PlaceOrder#us_west_1#start')]",18.32,18.32
421,"network_egress_cost[('frontend@POST@/cart/checkout#us_central_1#end',_'checkoutservice@POST@/hipstershop.CheckoutService/PlaceOrder#us_east_1#start')]",18.32,18.32
422,"network_egress_cost[('frontend@POST@/cart/checkout#us_central_1#end',_'checkoutservice@POST@/hipstershop.CheckoutService/PlaceOrder#us_south_1#start')]",18.32,18.32
423,"network_egress_cost[('frontend@POST@/cart/checkout#us_central_1#end',_'checkoutservice@POST@/hipstershop.CheckoutService/PlaceOrder#us_central_1#start')]",0.0,0.0
424,"network_egress_cost[('frontend@POST@/cart/checkout#us_west_1#end',_'recommendationservice@POST@/hipstershop.RecommendationService/ListRecommendations#us_west_1#start')]",0.0,0.0
425,"network_egress_cost[('frontend@POST@/cart/checkout#us_west_1#end',_'recommendationservice@POST@/hipstershop.RecommendationService/ListRecommendations#us_east_1#start')]",54.42,54.42
426,"network_egress_cost[('frontend@POST@/cart/checkout#us_west_1#end',_'recommendationservice@POST@/hipstershop.RecommendationService/ListRecommendations#us_south_1#start')]",54.42,54.42
427,"network_egress_cost[('frontend@POST@/cart/checkout#us_west_1#end',_'recommendationservice@POST@/hipstershop.RecommendationService/ListRecommendations#us_central_1#start')]",54.42,54.42
428,"network_egress_cost[('frontend@POST@/cart/checkout#us_east_1#end',_'recommendationservice@POST@/hipstershop.RecommendationService/ListRecommendations#us_west_1#start')]",54.42,54.42
429,"network_egress_cost[('frontend@POST@/cart/checkout#us_east_1#end',_'recommendationservice@POST@/hipstershop.RecommendationService/ListRecommendations#us_east_1#start')]",0.0,0.0
430,"network_egress_cost[('frontend@POST@/cart/checkout#us_east_1#end',_'recommendationservice@POST@/hipstershop.RecommendationService/ListRecommendations#us_south_1#start')]",54.42,54.42
431,"network_egress_cost[('frontend@POST@/cart/checkout#us_east_1#end',_'recommendationservice@POST@/hipstershop.RecommendationService/ListRecommendations#us_central_1#start')]",54.42,54.42
432,"network_egress_cost[('frontend@POST@/cart/checkout#us_south_1#end',_'recommendationservice@POST@/hipstershop.RecommendationService/ListRecommendations#us_west_1#start')]",54.42,54.42
433,"network_egress_cost[('frontend@POST@/cart/checkout#us_south_1#end',_'recommendationservice@POST@/hipstershop.RecommendationService/ListRecommendations#us_east_1#start')]",54.42,54.42
434,"network_egress_cost[('frontend@POST@/cart/checkout#us_south_1#end',_'recommendationservice@POST@/hipstershop.RecommendationService/ListRecommendations#us_south_1#start')]",0.0,0.0
435,"network_egress_cost[('frontend@POST@/cart/checkout#us_south_1#end',_'recommendationservice@POST@/hipstershop.RecommendationService/ListRecommendations#us_central_1#start')]",54.42,54.42
436,"network_egress_cost[('frontend@POST@/cart/checkout#us_central_1#end',_'recommendationservice@POST@/hipstershop.RecommendationService/ListRecommendations#us_west_1#start')]",54.42,54.42
437,"network_egress_cost[('frontend@POST@/cart/checkout#us_central_1#end',_'recommendationservice@POST@/hipstershop.RecommendationService/ListRecommendations#us_east_1#start')]",54.42,54.42
438,"network_egress_cost[('frontend@POST@/cart/checkout#us_central_1#end',_'recommendationservice@POST@/hipstershop.RecommendationService/ListRecommendations#us_south_1#start')]",54.42,54.42
439,"network_egress_cost[('frontend@POST@/cart/checkout#us_central_1#end',_'recommendationservice@POST@/hipstershop.RecommendationService/ListRecommendations#us_central_1#start')]",0.0,0.0
440,"network_egress_cost[('SOURCE#XXXX#end',_'sslateingress@POST@/cart/checkout#us_west_1#start')]",0.0,0.0
441,"network_egress_cost[('SOURCE#XXXX#end',_'sslateingress@POST@/cart/checkout#us_east_1#start')]",0.0,0.0
442,"network_egress_cost[('SOURCE#XXXX#end',_'sslateingress@POST@/cart/checkout#us_south_1#start')]",0.0,0.0
443,"network_egress_cost[('SOURCE#XXXX#end',_'sslateingress@POST@/cart/checkout#us_central_1#start')]",0.0,0.0
